id,y
1,89.64544
2,106.763596
3,89.664825
4,76.80962
5,110.43775
8,91.80861
10,110.48043
11,94.4148
12,116.04706
14,94.72649
15,115.92957
16,104.27152
17,95.755135
19,94.727806
20,104.64389
21,98.36443
22,116.117386
23,95.755135
26,95.12728
28,94.21023
29,95.755135
33,95.755135
35,94.72603
41,95.755135
42,94.63388
43,116.04706
45,103.725586
46,104.04796
51,94.53229
53,83.56636
55,112.83046
56,94.208595
57,104.04928
58,95.58044
59,103.89108
63,112.15879
64,94.770485
65,104.64389
69,94.9658
71,95.80462
72,104.27152
73,94.727806
76,103.89108
77,104.28727
78,115.031136
82,94.727806
83,104.64389
84,94.6839
85,104.04796
87,112.24185
88,95.755135
89,112.64265
91,94.2912
93,94.643425
94,104.205986
95,94.69245
96,112.324455
97,94.087944
98,112.365
99,94.2912
101,104.27152
103,112.64265
104,94.56685
105,111.91948
110,95.4296
111,112.32297
113,112.56377
114,94.19905
115,111.97217
117,112.64265
120,94.00534
121,112.24317
122,94.16923
123,112.83046
126,112.324455
132,112.939095
135,103.90918
137,104.12684
138,94.80909
140,94.208595
142,111.65458
144,112.324455
148,94.09443
149,112.324455
155,94.31569
156,112.324455
157,94.087944
162,112.24317
163,95.258064
167,94.081566
172,116.04706
179,112.83046
180,94.31391
181,112.15879
182,95.30778
183,112.64265
185,112.64265
187,112.48248
188,94.727806
189,94.53229
191,94.0884
192,112.063324
193,94.69245
194,112.39988
195,94.0884
196,112.64265
198,95.0484
199,112.324455
201,104.04796
204,94.691605
205,104.27152
206,94.57497
210,94.53229
211,104.27152
216,112.324455
219,116.04706
220,94.2386
221,111.91948
226,112.15879
227,94.08972
228,112.324455
230,112.24185
231,94.087944
235,116.117386
236,94.2912
238,112.24185
242,104.171104
243,94.2912
244,78.83771
245,111.96992
247,112.39988
248,93.85334
249,94.39928
250,112.24317
251,94.2912
253,116.117386
254,94.32771
256,94.69245
257,94.09443
258,112.82878
259,94.2912
262,79.64062
266,94.38971
267,112.48248
272,104.04796
273,112.64265
275,94.555
276,112.337135
279,94.72649
280,104.64389
283,94.087944
285,112.324455
288,112.64265
289,94.880264
290,104.04796
291,94.727806
292,112.241394
293,112.08498
296,94.41032
297,112.39988
298,115.031136
299,94.727806
304,94.05352
305,96.65894
306,94.496086
307,112.15879
311,111.618744
313,112.15879
314,94.0884
316,94.56186
324,94.57497
327,94.69245
329,94.171005
330,112.39988
337,105.004265
338,95.11141
339,103.93047
340,94.770485
343,93.998024
345,115.92957
346,94.11645
347,112.48248
349,111.98204
350,93.91367
352,112.48116
353,93.653114
354,79.53442
357,94.69245
358,112.64265
362,112.51049
364,116.83263
365,104.27152
366,94.80909
367,112.56004
368,94.72649
370,79.46047
373,95.58044
377,94.0884
378,112.08498
382,103.89108
384,112.324455
390,94.69245
392,112.48248
393,114.01927
395,94.623
396,104.74997
399,78.85732
406,112.15879
408,112.15879
409,94.68433
410,78.914375
412,113.06941
413,93.85334
419,94.69245
420,112.44628
421,93.85334
430,100.04807
434,94.53229
436,94.80669
437,94.208595
438,93.998024
439,112.24185
440,94.2912
443,112.403336
446,94.691605
448,94.69245
452,94.57497
453,104.04928
457,104.04796
458,94.61357
459,114.03323
460,103.93047
462,104.39467
464,104.04796
465,116.04706
467,118.5296
471,112.44256
472,79.03186
473,96.30122
475,94.691605
480,94.643425
488,112.19907
490,112.15879
491,104.27152
492,79.191376
493,94.69245
497,93.80428
498,112.39988
499,94.72603
500,104.04796
501,94.61357
502,112.39988
506,80.83756
510,112.00237
511,93.89288
512,94.171005
516,94.39928
518,94.0884
519,112.48248
521,93.96445
522,112.16386
526,112.32205
529,94.679344
532,112.24317
533,94.69245
536,112.82314
537,100.659225
539,94.727806
540,104.27152
541,94.80909
543,94.53229
546,112.48248
547,94.2912
548,79.72223
551,94.407074
552,104.04796
556,104.36987
557,95.12728
558,112.56004
559,94.80909
560,104.27152
562,104.27152
566,94.71292
570,112.39988
571,94.208595
572,104.64389
573,94.727806
575,116.04706
576,112.282394
577,93.83107
579,94.00534
580,112.48248
581,112.939095
589,112.15879
591,103.725586
593,94.72649
594,103.88947
595,94.53229
598,94.407074
602,112.365
604,112.324455
606,111.70307
608,94.80909
609,104.27152
610,94.4148
616,112.121765
617,95.12728
618,103.725586
620,104.354126
622,112.337135
623,93.85334
624,137.6266
626,112.16057
628,112.24317
629,94.19905
630,112.24185
637,95.00958
638,104.13056
643,94.60985
645,94.643425
646,119.981316
648,95.80462
652,94.71292
653,94.208595
654,112.39988
656,112.48248
657,94.11645
659,94.80909
660,104.27284
663,94.32771
664,112.24185
666,103.84919
668,112.39988
669,94.69245
671,95.12728
675,94.28179
677,94.2912
678,111.96992
679,104.424576
682,94.9658
685,103.93179
687,94.80909
688,93.9642
693,112.32073
696,94.57497
698,94.72603
701,94.69245
704,104.28859
705,116.04706
709,112.52516
710,94.2912
711,104.15548
712,94.643425
714,112.04308
715,94.27444
716,112.15879
717,94.64573
720,115.92957
721,94.0884
724,103.573586
725,94.691605
726,112.15879
728,112.44256
731,94.00534
734,104.354126
738,94.0498
745,112.24317
746,94.05352
751,79.10877
754,94.23263
756,94.00534
758,94.208595
759,111.98204
761,116.23487
766,95.11226
767,112.83046
768,93.85334
769,112.324455
770,94.72603
771,79.191376
772,104.13056
773,94.407074
774,112.39988
776,112.324455
777,94.60985
780,116.04706
782,104.27152
787,103.725586
788,94.727806
792,93.85334
793,113.06941
798,94.41348
800,93.998024
806,112.15879
809,112.324455
811,112.403336
812,93.653114
814,116.04706
816,104.04928
817,94.80909
818,111.3419
820,112.241394
823,94.61357
829,94.00534
830,111.90316
831,93.41851
834,112.12569
839,94.69245
841,79.190056
844,104.27152
845,94.53229
848,94.05352
850,98.771706
851,104.04796
852,94.75581
854,94.2912
855,95.74192
856,104.077286
859,104.04796
861,112.39988
864,94.2912
865,112.39988
866,94.087944
867,93.7978
869,94.643425
871,93.653114
872,112.15879
882,103.725586
883,94.53229
885,94.609
888,94.69245
893,112.15879
901,111.96992
903,104.27152
904,94.96712
905,104.13056
910,94.643425
911,111.99459
914,112.70566
918,112.24185
921,93.85334
928,94.69245
929,104.13056
932,94.60458
933,104.28727
934,94.643425
935,112.48248
937,78.83929
939,94.727806
940,103.966675
941,94.69245
942,103.966675
943,94.72603
944,104.04796
947,112.15879
949,112.403336
951,112.00208
952,94.80909
953,104.27152
954,78.87828
957,112.324455
959,94.12244
960,116.630585
963,116.04706
965,112.15879
967,103.966675
971,94.69245
972,79.29362
973,94.72603
974,112.324455
975,94.57497
978,120.01793
980,112.48116
981,94.72603
984,112.82314
986,94.643425
988,93.85334
989,112.12569
990,103.80819
992,111.96992
996,94.208595
999,112.324455
1000,94.208595
1001,112.39988
1002,93.85334
1003,112.324455
1004,93.85334
1008,112.24317
1009,94.48672
1010,104.557686
1012,119.50779
1013,94.43379
1014,112.32073
1015,93.653114
1016,116.04706
1019,93.653114
1020,112.24185
1021,94.643425
1022,104.28859
1024,94.643425
1025,79.45181
1027,94.643425
1028,104.13056
1029,94.534256
1030,94.72649
1033,112.324455
1036,93.76094
1037,111.91948
1038,93.97224
1042,94.727806
1043,104.04796
1044,94.53229
1045,112.24317
1047,114.15072
1050,94.53229
1051,112.15879
1054,94.61357
1056,94.72603
1057,94.53229
1059,94.770485
1062,100.17007
1063,104.205986
1064,94.72603
1066,94.28959
1070,104.04928
1076,112.24317
1077,99.724655
1078,112.324455
1080,112.241394
1082,111.90316
1083,94.69245
1089,112.59536
1091,94.69245
1093,94.80909
1097,95.12728
1099,94.19905
1101,94.643425
1103,94.69245
1104,112.16057
1106,112.28436
1109,94.0884
1110,112.282394
1111,94.0378
1112,112.911385
1114,94.53229
1116,94.763214
1117,112.32073
1120,94.00534
1124,112.12437
1125,94.63388
1126,112.32205
1134,112.365
1137,94.39928
1138,112.16057
1144,112.15879
1145,94.53229
1146,94.0884
1148,94.69245
1150,94.00534
1152,104.27152
1153,94.72649
1154,104.27152
1155,94.727806
1157,93.97549
1162,94.727806
1165,112.324455
1166,94.60985
1167,104.28859
1168,94.643425
1169,104.04796
1171,116.117386
1172,95.009796
1173,104.04796
1174,94.69245
1176,95.74192
1177,104.04796
1178,94.69245
1182,112.324455
1186,94.643425
1187,113.150696
1188,94.39928
1189,116.04706
1191,104.354126
1192,94.727806
1197,112.00208
1198,93.804344
1200,79.29362
1201,94.69245
1203,95.12728
1209,116.04706
1214,104.01308
1218,111.919525
1222,94.516396
1226,94.72649
1228,94.57497
1230,94.39457
1232,79.21233
1233,97.979935
1236,114.15072
1238,94.208595
1241,112.15879
1244,104.27152
1246,94.63388
1247,112.48116
1250,112.52516
1251,94.19905
1254,112.24185
1255,94.2912
1256,111.86125
1257,94.171005
1258,93.96445
1259,112.15879
1260,94.72649
1263,112.15879
1267,79.639626
1268,112.48248
1271,94.727806
1272,112.15879
1274,104.354126
1275,94.727806
1276,112.15879
1277,94.08972
1279,94.0884
1281,94.61117
1282,94.39928
1283,112.48248
1285,112.08366
1286,94.39928
1289,112.12569
1296,112.56377
1299,94.00534
1301,94.208595
1306,94.00534
1307,94.69245
1308,94.0884
1313,112.15879
1314,94.88797
1315,112.282394
1316,94.171005
1317,112.15879
1319,94.171005
1323,94.643425
1324,104.27284
1325,94.60985
1328,104.36987
1329,94.96712
1330,112.39988
1331,94.29149
1332,104.13056
1337,94.72649
1338,112.24317
1339,93.96445
1340,112.47876
1343,112.324455
1347,104.13056
1348,94.69245
1349,104.27284
1352,94.0884
1354,95.74192
1359,112.324455
1360,94.643425
1363,112.15879
1364,94.57497
1365,104.27152
1366,94.72649
1372,94.80909
1375,104.349266
1376,94.53229
1378,93.96445
1379,112.70566
1380,94.643425
1381,104.04796
1384,111.98444
1387,94.00534
1388,112.04308
1392,78.73551
1394,103.95155
1395,94.72649
1396,112.15879
1398,94.61357
1399,112.15879
1400,94.4649
1401,94.1324
1403,94.69245
1404,111.503876
1406,112.15879
1407,94.53229
1408,112.15879
1410,79.639626
1412,112.15879
1413,94.80909
1415,94.88797
1420,112.15879
1422,111.919525
1423,110.896645
1424,112.15879
1425,94.9969
1426,79.639626
1427,95.12728
1429,93.57051
1430,112.282394
1431,95.74192
1432,104.04796
1434,112.32073
1437,94.727806
1438,104.354126
1440,112.32205
1441,112.39988
1442,94.69245
1444,112.48116
1445,94.88797
1446,104.27152
1448,93.858
1453,94.68433
1454,112.15879
1455,94.727806
1456,112.063324
1458,112.15879
1459,94.08972
1461,94.53097
1465,94.00534
1466,112.24317
1469,94.643425
1472,94.68433
1474,94.61357
1477,112.40185
1479,112.39988
1482,93.84696
1483,78.851616
1487,94.643425
1488,112.39988
1490,112.24185
1492,111.5757
1494,116.04706
1496,104.27152
1497,94.994774
1499,95.12728
1502,94.2912
1507,111.98072
1508,94.0884
1509,112.39988
1511,94.05352
1512,112.56004
1513,114.27966
1514,104.27284
1518,112.24185
1519,93.85334
1522,112.24317
1524,79.29362
1527,94.69245
1529,94.09443
1532,103.93179
1536,112.24185
1537,116.04706
1539,104.31564
1542,112.241394
1543,94.53229
1544,104.354126
1545,79.036476
1550,94.53229
1551,112.04505
1554,104.27152
1556,104.27152
1559,94.171005
1560,79.29362
1562,94.72603
1566,93.85334
1567,112.24185
1569,104.04928
1570,112.911385
1571,112.24317
1574,94.0884
1578,104.27152
1580,94.00534
1583,112.56004
1584,94.0884
1585,112.56004
1586,94.63388
1587,112.324455
1588,93.85334
1590,114.09185
1592,103.80819
1596,119.38044
1598,112.00208
1599,94.53229
1604,116.280205
1606,103.725586
1607,94.80909
1608,103.80819
1609,116.117386
1611,94.72649
1613,94.609
1616,95.009796
1619,112.51227
1620,94.087944
1621,112.12437
1622,94.53229
1625,111.96992
1627,116.117386
1629,112.241394
1634,94.72603
1636,94.407074
1638,104.04928
1639,94.69245
1641,95.12728
1643,94.72649
1644,103.80848
1645,116.04706
1646,94.53229
1647,104.27152
1648,94.72603
1652,94.00534
1653,112.324455
1656,94.29283
1658,94.53229
1659,112.39988
1661,94.49368
1663,94.80909
1664,112.56004
1665,94.727806
1666,104.27152
1667,103.725586
1668,79.48143
1669,103.725586
1670,94.72649
1672,112.324455
1674,112.32073
1677,112.39988
1678,93.998024
1679,112.24185
1680,94.55128
1683,104.13056
1686,104.12684
1687,111.919525
1689,112.56004
1690,94.171005
1691,115.92957
1692,112.403336
1693,94.0884
1695,94.53229
1696,94.68433
1697,112.39988
1700,104.27152
1701,94.72603
1702,112.324455
1703,93.85334
1704,112.64265
1706,95.12728
1707,112.82314
1708,94.72603
1710,95.12728
1711,104.04796
1713,104.28859
1717,104.04796
1719,104.27152
1720,94.53229
1722,94.727806
1725,103.80819
1726,94.72603
1727,104.04796
1729,112.24317
1730,94.00534
1731,112.39478
1733,104.27152
1734,94.727806
1735,111.919525
1738,94.609
1742,94.87813
1745,112.32073
1747,94.72603
1749,94.72603
1751,94.72603
1752,79.29362
1753,103.725586
1754,94.53229
1755,94.691605
1756,104.19264
1758,112.32073
1759,94.727806
1760,104.04796
1761,112.56377
1762,94.08972
1763,112.48248
1764,94.60985
1766,95.58044
1768,94.69245
1769,79.27891
1771,112.56136
1772,94.28959
1773,104.04796
1774,94.72603
1775,112.75158
1777,112.324455
1779,94.727806
1780,104.64389
1787,93.85334
1788,94.69245
1790,94.72603
1796,112.24185
1801,93.85334
1803,94.72603
1807,112.24185
1809,113.25027
1812,94.208595
1813,112.24185
1814,94.515526
1815,112.47876
1816,94.5954
1818,93.8942
1820,93.97092
1821,114.15072
1822,94.727806
1825,94.2912
1826,104.04796
1828,94.72603
1831,103.84919
1836,112.73391
1837,94.69245
1841,94.61357
1844,103.725586
1848,94.69245
1851,104.31564
1852,94.69245
1853,93.998024
1854,112.39988
1856,94.679344
1859,113.25027
1860,94.72603
1861,79.45181
1863,104.13056
1865,94.69245
1866,104.31564
1867,94.72649
1868,93.85334
1872,94.69245
1879,94.6452
1880,104.04796
1882,94.69245
1885,104.13056
1887,104.04796
1888,94.72649
1890,112.24185
1894,94.72649
1895,103.725586
1896,94.72603
1897,112.56377
1900,112.24317
1901,94.171005
1902,112.52495
1905,93.7978
1906,112.12569
1912,104.27152
1915,94.72603
1916,104.04928
1917,94.96712
1918,104.04796
1920,78.760796
1923,94.208595
1924,104.13056
1925,94.72603
1930,116.117386
1932,112.15879
1933,94.53229
1934,113.017975
1935,94.05352
1940,79.639626
1941,94.2912
1942,112.39988
1943,94.15972
1944,93.8942
1945,111.49077
1948,116.04706
1949,94.171005
1952,95.1179
1954,94.0884
1955,112.15879
1958,94.27721
1959,79.27266
1960,112.48248
1963,94.61032
1965,94.60985
1968,104.13056
1969,94.57497
1971,94.61032
1972,112.24317
1973,93.85334
1975,93.85334
1977,94.880264
1978,94.5954
1979,112.48248
1981,93.85334
1982,112.32073
1987,112.23945
1988,93.85334
1993,95.96102
1997,94.57497
1999,94.72603
2001,94.609
2002,114.15072
2003,94.23263
2004,79.55933
2006,112.48248
2007,94.84831
2009,104.64389
2010,94.727806
2013,94.88797
2018,78.541435
2022,104.354126
2024,112.26969
2025,94.88797
2026,104.354126
2030,104.64389
2031,94.53229
2032,104.27152
2033,94.72603
2035,93.653114
2036,112.39988
2037,93.998024
2040,94.72649
2043,113.229576
2044,104.64389
2046,104.249985
2054,111.996994
2055,94.69245
2056,104.64389
2059,94.08972
2060,94.171005
2062,93.653404
2063,112.42412
2066,94.72649
2067,111.919525
2072,94.4724
2073,112.48116
2074,94.07844
2075,113.19816
2076,94.53229
2080,94.081566
2082,94.171005
2085,112.00208
2087,112.56004
2091,112.74572
2092,94.72649
2093,104.64389
2098,95.27938
2101,112.48248
2102,93.8942
2103,79.639626
2105,104.31564
2106,94.727806
2107,113.43748
2110,94.57497
2114,95.002525
2115,112.39988
2117,80.83756
2118,94.48672
2119,103.966675
2120,94.72603
2122,94.00534
2123,112.24185
2126,94.61032
2127,104.13056
2128,94.61357
2129,112.15879
2132,95.11226
2135,104.27152
2138,94.49236
2139,116.117386
2141,111.72731
2142,94.57497
2146,94.72649
2151,112.403336
2157,104.354126
2159,112.52516
2162,94.727806
2164,116.39296
2167,94.5333
2168,112.24317
2171,93.57051
2173,94.727806
2174,104.354126
2175,94.60985
2178,94.727806
2180,94.609
2185,112.16057
2189,94.150024
2190,111.919525
2192,103.80819
2194,113.79
2200,113.14104
2201,94.23263
2203,112.24317
2204,94.23263
2205,112.40746
2209,112.16263
2213,104.04928
2214,94.2912
2215,112.64265
2216,94.23263
2218,94.2912
2219,104.23577
2220,94.643425
2222,93.61403
2223,112.48248
2225,112.44256
2226,94.516396
2230,94.6839
2233,111.80204
2234,112.52495
2235,94.23263
2236,79.29362
2237,94.69245
2240,114.15072
2241,94.05352
2248,104.27152
2249,94.609
2250,112.241394
2252,112.24317
2253,94.555
2254,112.16057
2256,79.17613
2258,94.0884
2259,112.00208
2262,94.72649
2265,94.727806
2266,104.354126
2269,94.4148
2271,95.74192
2273,93.998024
2274,112.00237
2275,94.23263
2277,94.2912
2279,94.23263
2280,79.29362
2282,94.609
2283,103.725586
2288,93.85334
2289,112.510605
2291,94.72603
2292,116.58077
2297,94.643425
2298,104.04796
2299,94.53097
2300,112.712616
2301,94.087944
2304,94.69245
2305,104.04796
2306,94.72649
2308,94.53229
2309,113.35619
2311,102.49971
2312,104.23664
2316,103.966675
2321,104.04796
2322,112.48248
2325,104.04928
2326,94.69245
2329,116.58077
2330,94.2912
2331,104.04796
2332,111.919525
2333,94.72649
2334,103.80819
2335,111.86125
2337,112.52495
2338,94.11645
2340,111.919525
2342,94.41032
2345,94.763214
2349,95.755135
2351,78.87828
2352,94.72603
2354,112.15879
2355,117.210785
2357,112.44256
2358,94.64573
2360,94.80669
2361,112.15879
2364,94.69245
2366,95.80462
2369,103.80819
2370,94.72649
2371,111.80204
2373,118.868164
2374,95.083015
2376,112.324455
2378,112.17226
2382,95.74192
2383,94.23911
2386,103.966675
2387,95.04468
2389,93.7978
2390,111.82056
2392,94.00712
2398,111.919525
2399,94.72603
2400,94.4724
2401,112.32073
2402,94.61357
2404,94.171005
2407,112.063324
2408,112.000595
2409,112.241394
2412,83.82812
2413,95.04468
2415,94.69245
2420,111.69037
2422,94.449684
2423,103.725586
2426,94.96712
2432,94.208595
2434,94.00534
2435,93.7978
2436,112.44628
2438,111.98204
2440,112.39988
2443,94.801384
2444,94.171005
2447,104.27152
2450,94.80909
2454,94.11645
2455,112.56136
2459,94.72649
2460,112.56004
2463,94.53229
2465,94.234406
2468,79.639626
2469,94.23263
2474,93.96445
2478,94.04636
2480,94.171005
2481,114.15072
2489,94.609
2490,104.64389
2492,94.05352
2496,94.72649
2497,112.15879
2500,94.72603
2505,94.72649
2507,93.57051
2508,112.40746
2509,95.12728
2510,79.64062
2513,93.85334
2515,94.609
2518,94.23911
2519,111.90184
2520,94.23911
2521,112.74426
2523,112.32073
2525,94.2912
2529,112.40746
2530,94.23263
2533,112.13365
2535,93.858
2538,104.04796
2544,112.249
2553,112.16057
2556,94.69245
2558,94.12244
2559,117.56148
2560,94.2912
2561,112.23945
2562,94.47372
2563,112.51227
2564,94.00534
2565,111.80204
2567,104.04796
2572,94.53097
2575,94.72603
2576,112.324455
2577,93.638245
2578,94.61032
2579,112.00208
2580,93.653114
2582,112.36368
2583,94.21155
2587,94.57497
2589,112.23945
2590,94.69245
2591,112.40746
2594,94.0884
2597,94.72649
2598,104.27152
2599,94.88797
2600,103.725586
2602,112.35241
2603,94.53097
2604,104.04796
2606,112.00208
2607,79.29362
2608,94.4724
2613,112.40746
2614,94.32771
2615,112.48248
2617,112.75158
2620,94.00534
2623,112.20697
2624,95.002525
2627,112.40746
2629,79.29362
2630,93.653114
2632,94.63032
2636,94.28911
2639,94.2912
2640,104.13056
2642,112.40746
2644,104.27152
2646,112.70566
2647,94.40659
2649,94.57497
2650,109.51324
2652,104.27152
2653,103.573586
2655,110.07624
2657,111.919525
2659,112.15879
2662,94.23911
2663,114.15072
2664,94.727806
2665,103.94915
2670,94.57497
2671,104.01308
2672,94.770485
2675,104.27152
2677,112.12569
2679,112.241394
2683,112.47876
2684,94.5954
2685,94.2912
2688,104.04796
2689,94.72603
2690,103.726524
2693,94.69245
2694,112.383545
2697,98.838776
2699,94.72603
2703,94.68433
2705,103.93047
2709,79.29981
2710,94.208595
2711,112.48248
2712,94.770485
2713,95.19725
2714,112.64265
2715,93.57051
2717,93.85334
2718,112.47381
2720,112.82878
2721,94.57497
2726,94.72603
2728,94.2912
2731,103.725586
2732,112.15879
2734,94.0498
2736,104.27152
2737,94.72649
2738,103.725586
2739,112.64265
2746,94.2912
2749,103.80819
2751,116.04706
2752,104.205986
2753,94.69245
2757,104.64389
2758,94.995125
2759,112.16626
2760,94.57497
2762,112.48248
2764,94.96712
2765,111.883156
2769,112.64265
2771,112.75158
2774,94.47791
2776,94.086
2777,118.324684
2778,94.171005
2779,112.47876
2782,93.84863
2784,94.081566
2787,94.22538
2789,94.80909
2792,94.72649
2798,94.88797
2799,104.27152
2800,94.57497
2801,79.41309
2802,94.171005
2804,94.69245
2807,104.27152
2808,94.88797
2809,125.05497
2811,115.031136
2812,94.69245
2814,93.85334
2816,94.57497
2817,113.06941
2818,112.000595
2820,112.08498
2821,79.18941
2822,94.72603
2823,104.13056
2824,94.57497
2826,94.32771
2829,93.81029
2834,94.2912
2835,78.863914
2838,94.9969
2839,112.241394
2840,93.8942
2841,111.988976
2842,94.72649
2846,112.403336
2848,94.643425
2849,93.653114
2850,112.64265
2851,94.727806
2853,94.277084
2854,112.40746
2858,113.06941
2861,95.06839
2864,94.05352
2865,114.15072
2866,112.24317
2867,93.653114
2868,112.324455
2870,112.24317
2877,94.57497
2878,112.40746
2880,112.20697
2882,79.09485
2883,95.009796
2884,104.04796
2885,94.2912
2887,94.609
2888,112.324455
2889,94.727806
2890,104.27152
2891,102.49971
2892,116.04706
2893,94.355095
2898,112.83046
2899,94.801384
2900,112.51049
2901,95.202736
2909,94.643425
2910,112.12437
2911,112.075874
2913,112.241394
2914,95.336945
2918,94.233086
2919,112.56136
2920,94.39928
2921,112.40746
2922,95.2289
2923,103.725586
2925,112.09294
2926,93.653114
2927,112.52495
2929,112.24185
2933,93.68761
2934,112.24317
2936,111.78764
2941,104.07648
2942,94.208595
2943,112.00237
2945,104.28859
2950,93.85334
2951,112.24317
2953,116.87255
2954,94.60985
2955,104.04928
2956,95.12728
2960,95.74192
2962,94.53097
2963,104.354126
2964,104.27152
2966,79.29362
2967,94.88504
2968,112.64265
2969,93.85334
2971,93.97549
2972,94.643425
2974,94.53229
2975,112.64265
2977,116.04706
2980,112.324455
2981,94.63388
2983,94.727806
2984,104.349266
2985,116.23487
2986,104.04796
2987,94.643425
2989,94.48672
2990,112.24317
2991,94.69245
2992,79.27891
2995,98.838776
2996,103.80819
3002,112.85231
3004,112.32268
3005,116.23487
3006,94.995125
3010,95.009796
3011,104.92298
3014,93.653114
3015,94.276215
3016,94.727806
3017,112.08027
3018,93.85428
3021,103.725586
3024,104.27152
3028,94.2912
3030,94.171005
3032,94.69245
3039,94.72603
3040,104.205986
3041,95.48728
3043,94.39457
3044,112.24185
3046,112.00208
3055,93.8942
3056,112.241394
3058,93.998024
3059,111.82056
3061,116.04706
3063,104.01308
3066,94.72649
3067,104.27152
3068,79.29362
3069,94.57497
3072,114.39715
3073,112.324455
3074,94.643425
3077,93.85334
3082,95.14721
3084,98.838776
3085,112.48116
3088,104.27152
3091,93.96445
3092,113.0992
3093,94.9658
3094,103.725586
3096,113.017975
3097,94.00534
3098,79.09485
3102,114.91365
3106,94.28179
3109,94.0884
3111,93.57051
3112,116.23487
3113,94.69245
3115,94.4724
3116,112.56136
3117,94.23263
3121,112.44628
3122,93.97224
3123,94.72603
3124,104.04796
3125,94.727806
3126,103.725586
3127,115.92957
3129,94.54774
3130,112.324455
3132,104.30806
3134,104.30709
3135,95.58044
3137,79.33565
3138,94.69245
3140,94.71338
3144,112.24185
3145,94.96712
3146,112.48248
3147,94.69245
3148,104.12684
3149,104.04928
3150,112.59115
3151,94.27721
3152,94.72649
3155,95.611725
3156,112.64265
3159,93.85334
3161,94.643425
3162,104.04928
3163,95.009796
3165,103.725586
3172,94.00534
3173,112.64265
3176,94.53229
3177,104.04796
3179,112.64265
3183,93.727684
3186,94.72603
3187,103.725586
3189,112.24317
3190,94.763214
3192,115.92957
3193,94.00534
3194,112.51227
3197,94.727806
3198,94.69245
3200,94.63388
3201,115.91655
3202,94.69245
3204,94.72649
3205,94.23911
3206,112.324455
3208,103.966675
3210,103.725586
3211,94.72649
3212,116.04706
3213,94.69245
3214,112.48248
3216,104.27152
3219,94.087944
3220,111.98204
3221,94.69245
3226,108.43113
3227,94.84831
3228,112.079475
3229,94.35609
3232,79.639626
3233,94.96712
3234,94.60985
3236,95.313416
3238,112.40746
3239,112.56004
3240,93.8116
3247,112.39988
3249,104.04796
3252,119.46177
3253,94.80909
3254,104.354126
3255,94.449684
3256,113.0572
3257,94.763214
3262,94.72649
3263,104.27152
3264,95.12728
3266,112.51227
3267,94.88797
3269,94.53097
3272,116.23487
3274,94.727806
3275,103.95231
3277,94.60985
3279,95.35072
3280,104.01308
3283,94.80866
3285,94.609
3287,94.27809
3288,104.27152
3290,104.13056
3291,94.69245
3298,112.24317
3299,94.69245
3302,111.93286
3303,94.9658
3304,104.04928
3307,94.2912
3309,94.0884
3314,79.29362
3316,112.324455
3317,94.72603
3319,94.516396
3320,112.48248
3321,94.72603
3322,104.28859
3324,94.00534
3326,94.0884
3329,112.00208
3330,94.00534
3331,112.48248
3335,116.04706
3337,94.72408
3338,104.18538
3339,94.740486
3340,112.32073
3341,94.38971
3343,94.19905
3346,93.57051
3348,95.009796
3351,104.27152
3352,116.23487
3355,93.85334
3356,112.70566
3358,104.19264
3359,94.69245
3360,112.85649
3371,112.56377
3372,94.69245
3374,95.12728
3377,112.24317
3378,93.41851
3380,104.04796
3382,94.643425
3386,94.69245
3389,112.24185
3391,103.92807
3393,94.69245
3394,104.04928
3395,94.96712
3397,112.40746
3398,94.76656
3399,79.72223
3400,95.12728
3404,104.04796
3407,112.12569
3409,104.28859
3419,94.60985
3421,94.198204
3425,94.82177
3427,79.11908
3428,116.23487
3429,112.16057
3431,93.8942
3435,94.53229
3436,112.64265
3439,95.029724
3441,94.56782
3442,116.23487
3443,94.72649
3444,103.80819
3445,94.41348
3446,111.74095
3449,94.171005
3453,94.2912
3457,94.57497
3460,104.27152
3461,94.880264
3462,94.68433
3464,104.01308
3465,79.29362
3466,95.12728
3467,104.04796
3468,94.80669
3469,104.354126
3470,103.80819
3472,112.40746
3473,94.00534
3475,94.19905
3476,112.24317
3478,104.13056
3479,95.849045
3483,94.69245
3484,104.04796
3485,95.58044
3487,94.19905
3488,112.32205
3496,112.241394
3497,94.61117
3499,95.74192
3500,79.29362
3501,94.72603
3504,95.009796
3508,104.64389
3511,94.0884
3512,112.460556
3515,94.171005
3517,94.53097
3518,104.5709
3526,112.52516
3528,125.65936
3529,94.080696
3530,112.32073
3531,94.171005
3532,112.063324
3533,94.1324
3534,94.69245
3535,79.03186
3536,94.23263
3537,112.24317
3538,94.69245
3539,112.000595
3540,104.28487
3545,112.16057
3546,93.85334
3550,104.28859
3551,94.69245
3553,94.727806
3554,104.27152
3557,94.69245
3558,112.48248
3559,94.171005
3561,94.69245
3562,112.40746
3563,94.643425
3564,104.27152
3565,94.41348
3567,94.00712
3571,104.27152
3572,94.80909
3574,94.9855
3576,94.69245
3577,112.04308
3578,94.72603
3579,94.69245
3583,94.69245
3585,94.884514
3586,103.966675
3587,112.24185
3593,94.19905
3594,111.98072
3595,94.72603
3599,94.80909
3600,104.354126
3601,112.40746
3602,94.171005
3604,94.60985
3609,115.91655
3610,112.56377
3612,112.23945
3614,112.76426
3615,94.69245
3617,95.46821
3618,112.48248
3619,112.51227
3620,112.12569
3621,94.69245
3625,95.764656
3626,103.80819
3630,103.80819
3631,94.79766
3632,104.354126
3633,95.12728
3634,112.48248
3637,94.49236
3639,94.28911
3640,112.44388
3641,94.19905
3644,112.70566
3645,94.69245
3646,94.16728
3647,93.96445
3648,112.40746
3653,112.324455
3654,94.4724
3655,112.48248
3659,103.725586
3660,94.80669
3662,112.241394
3666,94.19905
3668,95.027794
3671,94.00534
3673,94.0884
3674,112.44256
3675,94.16728
3681,93.9998
3682,112.324455
3686,112.48248
3687,93.8116
3692,79.190056
3695,112.48248
3696,94.69245
3699,112.60383
3705,112.49916
3707,79.639626
3708,94.96712
3709,112.403336
3710,94.69245
3712,94.72649
3715,112.324455
3716,94.60985
3720,112.28585
3722,79.639626
3726,95.12728
3728,94.00534
3729,112.56377
3731,103.725586
3735,113.71113
3736,95.002525
3739,103.725586
3741,112.16057
3743,103.966675
3744,94.72603
3745,112.324455
3746,94.2912
3751,94.16728
3753,94.69245
3760,112.241394
3761,94.763214
3762,112.00208
3763,94.171005
3765,94.16728
3768,112.324455
3769,94.69245
3770,104.36987
3773,112.51227
3774,95.12728
3776,94.727806
3778,94.19592
3779,113.017975
3780,94.2912
3781,112.24185
3782,94.63388
3783,112.52495
3784,94.53097
3786,95.12728
3789,112.48116
3790,94.508766
3793,112.56136
3795,112.20697
3797,94.727806
3798,116.23487
3800,112.64265
3804,95.12728
3810,94.9658
3815,112.324455
3816,95.12728
3818,104.11136
3824,112.40746
3828,104.23664
3830,112.12569
3831,95.93718
3832,79.29362
3834,112.324455
3835,94.39928
3836,112.747856
3838,94.609
3839,116.04706
3840,112.668976
3845,94.0498
3846,112.15879
3847,94.53097
3849,79.29362
3853,112.48248
3855,104.64389
3856,94.72649
3864,79.10104
3865,95.12728
3866,112.39988
3867,94.0884
3868,112.64265
3869,94.88797
3871,94.11645
3875,104.27152
3876,94.087944
3878,94.69245
3879,112.24185
3881,112.64265
3883,112.0832
3884,94.171005
3886,112.24317
3890,95.12728
3893,111.90637
3897,104.23178
3901,94.35882
3902,112.48248
3913,112.324455
3914,94.39928
3916,94.087944
3917,112.324455
3924,104.31564
3925,94.740486
3928,95.12728
3929,112.32205
3932,94.36709
3933,104.27152
3934,79.10877
3935,94.05352
3936,94.61032
3937,112.15879
3938,93.858
3939,112.747856
3943,93.67907
3944,112.40746
3945,112.324455
3946,94.69245
3947,112.48248
3948,94.88504
3949,112.40746
3950,94.57497
3951,112.241394
3952,94.68433
3953,112.403336
3961,114.03323
3962,94.171005
3966,94.57497
3967,103.84919
3968,94.884514
3969,113.06941
3970,95.74192
3971,104.64389
3973,94.3322
3974,112.52495
3975,112.48248
3977,94.41032
3979,112.64265
3985,94.53229
3986,104.13056
3988,112.747856
3991,94.72649
3992,104.27152
3993,94.53229
3994,94.4724
3995,112.12569
4005,112.64265
4007,94.69245
4008,103.84919
4009,94.9658
4010,112.228745
4011,79.46047
4012,94.60985
4013,104.31564
4015,112.70119
4016,112.28585
4018,112.64265
4025,94.727806
4026,112.64265
4028,112.74426
4029,95.12728
4031,94.24643
4032,112.324455
4033,94.208595
4034,104.04796
4037,94.88797
4038,103.725586
4039,94.53229
4041,94.88797
4042,112.15879
4043,94.61032
4044,104.27152
4045,94.69245
4046,112.52495
4047,95.0484
4048,104.23676
4049,94.69245
4051,95.002525
4052,112.52495
4058,104.27152
4062,112.16057
4064,112.21965
4067,94.69245
4068,79.29362
4070,93.570335
4072,115.91655
4074,112.04308
4075,94.57497
4076,112.403336
4077,94.23263
4078,112.64265
4080,104.27152
4082,112.74426
4085,94.53097
4086,113.43748
4088,112.64265
4089,94.69245
4092,79.29362
4094,94.0884
4095,112.48248
4096,94.88797
4097,103.966675
4102,94.277084
4105,117.69133
4107,112.50641
4111,94.53097
4112,104.205986
4113,95.009796
4114,119.79197
4115,94.4724
4116,112.56136
4117,94.53229
4118,94.88797
4119,112.241394
4120,94.1324
4122,79.72223
4125,94.39928
4126,112.48248
4129,112.324455
4134,112.24514
4137,94.19905
4141,104.01308
4142,95.84083
4144,94.609
4145,104.31564
4146,96.14161
4150,94.69245
4151,79.46047
4154,94.69245
4156,94.763214
4157,112.56004
4159,112.28585
4160,94.763214
4161,113.017975
4168,94.72603
4171,104.13056
4172,104.424576
4173,95.12728
4175,93.93048
4176,104.27152
4177,94.609
4178,103.966675
4179,94.69245
4181,112.11796
4183,95.12728
4184,112.324455
4185,94.23911
4186,112.20457
4188,119.91099
4190,112.24317
4192,94.0884
4193,111.90637
4194,112.52495
4195,94.880264
4196,79.29362
4202,95.12728
4203,104.28727
4208,95.12728
4209,112.23945
4210,94.68433
4211,112.00208
4212,116.23487
4214,104.13056
4215,94.69245
4216,112.15879
4217,94.171005
4219,95.12728
4222,112.15879
4224,79.45181
4231,104.01308
4232,95.12728
4234,94.68433
4236,94.609
4237,104.27152
4240,94.69245
4242,104.349266
4243,95.12728
4247,94.39928
4248,112.56136
4249,94.0884
4254,103.80819
4263,94.69245
4265,112.48248
4267,111.923676
4268,112.24317
4271,112.64265
4272,94.69245
4273,112.24185
4274,93.998024
4276,94.53229
4278,94.727806
4280,95.009796
4281,112.324455
4283,94.07338
4284,112.39988
4285,94.84831
4286,112.04308
4287,94.65043
4288,112.98171
4289,94.0884
4290,83.82812
4293,94.0884
4296,111.90316
4297,94.39928
4299,94.171005
4303,112.32073
4310,94.643425
4312,104.13056
4318,104.27152
4320,112.24185
4322,94.31569
4323,117.97246
4325,104.13056
4326,112.324455
4328,104.27284
4330,104.13056
4332,112.24317
4333,94.71878
4335,94.48672
4336,111.848274
4338,104.31564
4341,94.72649
4342,104.23664
4344,104.27152
4347,95.03338
4348,104.27152
4351,109.754326
4352,94.69245
4353,112.64265
4355,103.80819
4356,94.53097
4359,104.805504
4360,94.727806
4361,94.53097
4364,94.880264
4365,104.27152
4368,95.58044
4372,94.72603
4374,93.57051
4376,95.12728
4377,103.48721
4380,94.72603
4383,104.867455
4384,94.727806
4385,103.573586
4389,94.233086
4391,94.69245
4392,112.12569
4393,94.32903
4395,94.11645
4396,112.40746
4398,112.324455
4399,103.917946
4401,93.998024
4406,94.69245
4408,104.13056
4412,104.27152
4415,94.72649
4418,112.24317
4419,93.57051
4420,79.29362
4422,112.40746
4423,93.57051
4425,94.80669
4428,112.64265
4431,112.44877
4434,94.05352
4436,94.69245
4437,112.16057
4439,116.04706
4440,94.55128
4441,112.668976
4444,94.76703
4445,104.13056
4446,94.69245
4447,112.51049
4452,103.966675
4456,112.64265
4457,94.41348
4458,112.15879
4460,94.53097
4461,116.04706
4462,94.16728
4465,103.725586
4466,104.307335
4468,95.4296
4469,104.04928
4472,112.11796
4475,94.61357
4478,94.150024
4479,112.39988
4480,94.69245
4483,79.27266
4484,94.2912
4485,104.13056
4486,95.74192
4488,94.60985
4489,104.04928
4490,94.72603
4491,110.3691
4492,94.80909
4493,109.94301
4494,94.53229
4495,103.725586
4498,79.33565
4499,95.64074
4500,104.72289
4503,112.24185
4505,103.725586
4506,94.796814
4507,94.61032
4508,104.27152
4510,112.324455
4511,93.85334
4513,95.74192
4516,79.17613
4519,94.39928
4521,94.87813
4531,94.63388
4532,79.48143
4533,101.322266
4534,112.39988
4536,104.27152
4537,94.41348
4539,94.87942
4542,103.725586
4545,94.0884
4549,94.00534
4551,94.69245
4554,104.04796
4556,112.52495
4559,112.44388
4561,112.32205
4562,111.96749
4566,112.00208
4569,94.69245
4570,112.40746
4573,94.69245
4574,103.80819
4575,94.72649
4577,94.61357
4578,112.15879
4580,112.32429
4582,94.05352
4583,112.40746
4585,94.72603
4587,104.27152
4595,94.05352
4596,112.63037
4601,94.63388
4602,112.20697
4603,94.72603
4605,112.48116
4606,94.32903
4607,112.054214
4608,94.2912
4610,95.12728
4613,103.966675
4617,93.73716
4618,112.15879
4619,94.0884
4620,94.84831
4622,103.89891
4625,94.53097
4626,104.27152
4627,94.72603
4629,93.83961
4631,94.23911
4633,104.27152
4634,117.94644
4635,94.28959
4639,94.60985
4640,104.424576
4642,103.93047
4644,112.403336
4646,104.27152
4647,95.0484
4648,78.8434
4649,94.69245
4650,112.52516
4655,94.00534
4660,94.2912
4661,113.010956
4662,93.76603
4663,112.59115
4665,94.69242
4666,112.24317
4667,103.93047
4668,95.12728
4670,94.0884
4671,111.90513
4672,94.69245
4673,104.04796
4675,104.04796
4676,94.72603
4677,111.62748
4680,95.009796
4682,94.57497
4683,112.52495
4685,104.27152
4686,94.57497
4688,112.52495
4690,111.96374
4692,112.28585
4693,94.0884
4697,94.00534
4700,112.08498
4702,112.08498
4707,116.04706
4708,94.53097
4710,79.190056
4716,99.81519
4717,95.009796
4718,94.53229
4720,95.12728
4721,79.036476
4723,95.14721
4726,112.324455
4727,93.85334
4729,94.407074
4731,94.63388
4732,112.52495
4735,94.2912
4736,104.13056
4737,94.72603
4738,111.88489
4739,112.15879
4744,104.13056
4747,94.53229
4749,112.64265
4750,94.53097
4752,112.40746
4755,94.884514
4756,103.84919
4757,112.51227
4758,94.96712
4759,103.87027
4763,95.009796
4764,104.11136
4765,94.4148
4766,96.07918
4767,112.75158
4769,112.39988
4770,94.63388
4771,78.96253
4772,104.27152
4774,112.52495
4776,112.24185
4777,112.365
4778,94.60985
4780,94.64573
4784,94.64573
4786,95.58044
4787,79.29362
4788,95.36979
4789,112.40746
4791,104.23664
4792,94.61357
4795,112.32073
4796,93.97549
4803,93.653114
4805,95.12728
4807,94.33173
4809,94.0884
4816,94.69245
4817,79.53442
4818,93.85334
4820,94.53229
4821,103.80819
4823,112.324455
4824,94.40659
4825,112.39988
4829,103.573586
4830,95.12728
4831,112.7939
4833,104.23664
4836,94.39928
4837,112.52495
4838,93.653114
4840,94.47791
4841,79.17613
4842,93.41851
4843,112.241394
4844,94.00712
4849,109.83693
4851,104.04796
4852,94.61117
4858,93.653114
4860,95.12728
4863,112.32205
4864,95.14721
4865,112.04308
4867,112.64265
4868,94.32771
4869,112.24317
4873,93.57051
4875,94.9658
4876,113.017975
4877,93.62882
4878,112.15879
4880,79.29362
4886,113.83234
4888,104.13056
4889,95.12728
4890,112.634094
4893,94.727806
4895,94.37277
4896,104.27152
4899,94.56685
4901,94.2912
4902,112.32205
4903,94.23263
4904,112.40746
4910,93.97549
4912,93.97092
4915,95.386925
4916,104.205986
4917,94.53097
4920,104.27152
4927,104.04796
4928,94.2912
4931,104.04796
4934,94.08972
4936,94.53229
4939,112.32073
4942,112.59115
4943,95.12728
4944,103.84919
4945,94.496086
4947,112.15879
4948,93.77672
4951,94.69245
4952,112.40746
4953,94.0884
4956,94.23263
4957,113.08993
4958,94.39457
4960,94.69245
4968,94.2912
4969,104.06875
4971,103.93179
4973,112.52495
4975,112.82314
4976,94.880264
4978,94.0884
4979,112.82314
4982,94.763214
4983,112.00208
4984,97.83444
4985,116.04706
4986,94.00534
4987,114.03323
4988,94.76703
4994,94.41348
4995,95.009796
5002,79.144
5004,94.53229
5005,103.725586
5006,94.609
5007,103.80819
5009,112.48116
5011,112.52495
5014,94.49236
5015,104.205986
5018,93.97549
5019,112.32073
5020,93.97224
5021,112.00208
5022,94.61357
5023,94.32771
5025,95.12728
5032,94.41032
5034,94.1633
5036,94.08972
5038,94.64573
5039,112.460556
5046,95.12728
5049,112.32073
5051,94.72603
5052,93.653114
5053,112.52495
5054,95.12728
5055,94.72603
5057,94.41348
5059,94.234406
5062,95.54709
5063,112.48248
5065,112.236305
5069,94.41348
5071,95.74192
5074,112.56004
5075,93.653114
5076,113.19669
5077,79.29362
5079,104.205986
5080,94.643425
5081,112.52495
5083,103.84919
5088,104.354126
5089,94.9143
5093,112.00208
5094,104.13056
5095,94.9143
5099,111.90316
5101,112.24185
5103,103.80819
5104,94.12222
5105,112.00208
5107,94.00534
5108,112.56004
5109,95.309
5111,93.97224
5112,112.15879
5113,94.61357
5114,112.00208
5115,94.763214
5118,94.9969
5122,95.12728
5123,79.17613
5125,94.57497
5127,103.95287
5128,95.11226
5129,114.39715
5132,94.609
5134,112.324455
5135,94.57497
5137,112.634094
5142,94.560295
5143,103.966675
5144,94.29283
5148,93.97092
5149,94.53229
5150,104.31564
5154,79.29362
5155,94.63388
5159,93.88917
5164,94.801384
5165,112.56004
5166,94.0884
5167,112.56377
5169,93.7344
5171,94.09443
5172,112.324455
5176,95.029724
5184,111.79985
5185,94.39457
5186,112.28585
5188,104.19816
5189,113.017975
5190,94.171005
5191,112.56004
5193,112.324455
5196,94.72603
5199,79.30228
5200,104.13056
5203,93.653114
5204,112.48248
5205,94.08972
5207,94.53097
5208,110.514595
5212,94.9143
5214,94.17025
5218,93.89288
5220,94.31569
5222,93.85334
5224,95.92211
5225,104.27152
5227,111.462135
5229,104.27152
5232,93.85334
5233,115.91655
5234,104.04796
5237,112.40746
5239,112.838066
5240,94.32771
5241,112.32073
5244,94.08972
5248,112.24317
5251,94.00534
5253,94.53097
5255,94.72649
5256,103.95126
5257,94.61357
5259,95.80462
5260,112.51227
5266,94.69245
5268,94.23263
5275,112.52495
5276,112.365
5277,94.60985
5279,94.72649
5280,104.27152
5281,94.96712
5283,94.69245
5284,79.639626
5285,95.009796
5286,103.966675
5287,94.4148
5289,94.28179
5290,112.324455
5292,104.56926
5293,94.643425
5294,103.84919
5297,94.171005
5299,104.00204
5302,94.19905
5305,78.95058
5306,94.72649
5308,94.69245
5309,94.40659
5310,112.98171
5312,112.24185
5316,112.75158
5317,95.18582
5319,79.17613
5320,95.12728
5323,94.4148
5329,112.64265
5331,112.15879
5334,112.365
5336,112.324455
5338,104.27152
5341,94.801384
5345,94.727806
5348,94.23263
5349,112.24185
5355,104.13056
5356,94.57497
5360,104.12816
5362,112.461876
5364,112.403336
5366,104.13056
5367,94.770485
5368,94.54497
5370,94.88797
5371,79.29362
5373,104.04928
5375,112.40746
5376,93.653114
5378,112.403336
5379,94.801384
5383,94.4148
5384,103.725586
5389,112.48248
5391,79.29362
5393,112.16057
5395,112.75158
5397,112.16057
5398,94.407074
5399,112.2339
5401,116.23487
5402,94.11645
5403,112.39988
5404,94.4724
5407,79.29362
5408,94.84831
5413,111.81074
5414,94.53229
5417,94.72603
5418,104.56926
5420,112.70566
5421,93.84863
5424,94.6839
5425,112.48248
5426,94.31569
5429,112.56377
5431,94.727806
5437,103.725586
5440,94.128944
5444,104.318375
5446,104.205986
5447,94.407074
5451,94.2912
5452,108.98541
5455,104.04796
5456,94.72649
5458,94.08169
5459,112.241394
5460,94.727806
5462,94.72603
5463,112.429665
5464,93.97549
5465,112.241394
5466,95.74192
5467,104.04796
5468,95.19678
5469,112.59115
5472,94.53229
5474,94.00712
5475,112.95346
5476,95.009796
5479,104.27152
5480,112.52495
5482,112.11796
5485,94.55128
5486,116.23487
5488,79.37053
5495,104.27152
5496,94.801384
5497,112.241394
5499,112.51049
5503,93.97224
5504,94.53097
5507,95.12728
5509,94.12017
5511,94.00534
5512,112.24317
5516,112.40746
5517,95.009796
5518,104.13056
5521,94.691605
5522,104.27152
5527,95.74192
5528,94.53097
5529,113.017975
5532,98.408775
5533,111.96374
5535,104.27152
5536,102.613625
5540,94.53097
5547,94.61357
5548,112.32073
5550,78.85157
5551,94.2912
5554,112.39988
5555,94.57497
5559,112.39988
5560,94.32771
5561,112.51227
5562,93.653114
5563,112.82314
5565,78.71349
5566,94.69245
5567,104.04796
5568,94.96712
5572,94.72603
5574,94.61032
5576,94.2912
5579,112.634094
5580,78.23979
5581,94.643425
5583,95.002525
5584,112.48248
5586,112.24317
5587,94.38971
5589,103.725586
5591,103.725586
5592,94.53229
5593,112.403336
5594,94.643425
5595,78.415276
5596,112.52495
5597,112.28585
5598,115.92957
5599,94.496086
5602,112.35407
5603,94.643425
5605,94.2912
5607,94.0884
5608,112.48248
5609,93.96445
5610,94.4724
5612,94.560295
5613,113.017975
5614,94.0498
5616,94.53097
5621,95.12728
5623,94.69245
5628,114.03323
5629,94.72649
5631,95.02225
5633,102.69523
5638,104.01308
5639,94.6452
5640,104.64389
5645,94.2912
5646,79.12067
5649,94.594894
5653,112.15879
5655,112.56004
5656,94.69245
5658,94.691605
5662,116.23487
5663,94.087944
5667,94.643425
5670,94.496086
5671,103.725586
5672,94.6452
5673,103.80819
5674,94.53229
5675,103.80819
5676,94.72649
5679,112.52495
5683,112.15879
5687,94.643425
5688,79.05034
5690,94.57497
5691,112.24317
5692,94.087944
5693,112.510605
5694,94.72603
5697,112.48248
5698,94.32771
5699,112.52495
5704,94.61357
5707,112.52495
5709,104.04796
5710,94.53229
5714,94.2912
5718,94.53229
5721,94.53229
5723,94.64573
5724,112.236305
5725,94.53097
5726,112.461876
5729,95.12728
5730,104.13056
5731,94.496086
5733,78.635
5736,94.69245
5741,104.06875
5745,112.32073
5747,94.61032
5748,104.27152
5750,112.48248
5751,94.2912
5752,94.72649
5754,94.2912
5755,94.516396
5757,94.63388
5758,116.04706
5760,104.03175
5762,103.80819
5766,111.91948
5768,95.12728
5769,115.91655
5770,94.60985
5771,112.24185
5772,94.087944
5773,112.063324
5774,94.69245
5776,94.09443
5777,112.52495
5778,94.081566
5780,112.460556
5782,94.2912
5783,78.274284
5784,95.12728
5786,94.832275
5788,94.72603
5789,112.64265
5790,94.496086
5791,104.27152
5793,104.6626
5794,94.4148
5796,116.04706
5797,94.4148
5801,94.57497
5803,94.643425
5804,112.24185
5805,94.560295
5806,79.05034
5808,112.32073
5813,94.61357
5815,94.9658
5816,104.19593
5822,94.5954
5823,112.52495
5825,104.04796
5827,112.40317
5829,103.725586
5830,94.801384
5831,112.241394
5832,94.16728
5833,112.32073
5837,114.15072
5838,94.69245
5839,95.009796
5842,104.64389
5844,112.16057
5845,103.93047
5846,112.15879
5848,79.05034
5850,112.324455
5851,94.96813
5853,95.12728
5854,104.13056
5858,104.64389
5860,112.39988
5864,104.04928
5866,95.10322
5867,112.52495
5868,93.96445
5869,112.24317
5870,94.88504
5871,112.64265
5874,112.56004
5876,112.44388
5877,93.85334
5878,94.0498
5879,112.32073
5880,93.694115
5884,94.4148
5886,112.48248
5890,100.814285
5896,94.496086
5897,103.80819
5898,95.12728
5901,104.053986
5903,112.52495
5906,94.4724
5908,112.52495
5909,94.0884
5910,113.017975
5911,94.61357
5912,112.403336
5914,112.56004
5919,112.52495
5924,94.763214
5926,94.53229
5929,104.19264
5930,94.37008
5932,95.12728
5933,112.634094
5934,94.19905
5935,112.20697
5936,93.653114
5937,112.82878
5938,94.79041
5939,111.66207
5942,112.28585
5943,94.53229
5944,104.04796
5946,112.40746
5951,94.087944
5953,103.80819
5954,94.61357
5957,104.13056
5961,94.6839
5962,104.31564
5964,79.361465
5965,94.72603
5968,112.56004
5969,93.906944
5974,94.4724
5975,112.52516
5978,78.93285
5981,104.13056
5982,95.07578
5983,112.403336
5989,112.17226
5991,94.53229
5992,104.23664
5995,94.9969
5996,103.80819
5997,112.00208
5998,94.40659
5999,78.25333
6001,112.15879
6002,94.0884
6003,112.24317
6004,94.61357
6006,112.403336
6007,94.19905
6011,100.65609
6012,104.04928
6014,94.61357
6015,103.966675
6016,94.96712
6017,112.282394
6018,95.12728
6024,94.72649
6025,104.15404
6026,112.236305
6028,112.36368
6029,79.05034
6030,94.32903
6036,112.56004
6040,94.560295
6041,112.324455
6042,94.28911
6044,94.60985
6045,104.27152
6047,104.27152
6048,94.449684
6049,112.324455
6051,115.92957
6052,112.712975
6053,93.85334
6054,112.32205
6058,104.354126
6059,94.449684
6062,95.12728
6063,116.04706
6064,103.93047
6065,94.560295
6067,94.47372
6068,112.324455
6070,103.80819
6071,101.134254
6072,112.48248
6080,112.48248
6081,94.53229
6084,104.31564
6087,94.63388
6089,104.20089
6092,112.48248
6094,94.2912
6095,112.52495
6097,112.49916
6100,94.32771
6104,104.04928
6105,94.2912
6106,112.24185
6107,78.98101
6108,93.95628
6109,112.48248
6110,94.08972
6114,112.48248
6116,94.25285
6117,104.354126
6118,94.691605
6123,79.05034
6125,112.52495
6128,111.90637
6130,104.04928
6132,112.48116
6137,78.93285
6139,112.75158
6140,94.4724
6141,112.49916
6142,104.312065
6144,109.99325
6145,95.009796
6146,94.31569
6149,93.9998
6156,94.643425
6159,112.236305
6160,94.4724
6162,103.93047
6164,112.32429
6165,93.77672
6168,78.93285
6169,112.32073
6170,94.80909
6171,112.44388
6172,93.41851
6173,116.55817
6176,95.12728
6177,93.57051
6178,94.61032
6180,94.53097
6181,104.27152
6182,94.88797
6185,94.53229
6186,112.24317
6188,112.12437
6189,94.63388
6192,104.31564
6193,94.53229
6194,104.27152
6195,94.609
6196,114.91365
6197,94.2912
6201,112.24317
6202,94.4724
6203,112.48248
6204,94.2912
6207,116.23487
6209,94.763214
6210,93.57051
6211,112.82878
6213,112.24317
6216,93.41851
6217,94.32771
6219,94.560295
6222,79.05034
6223,94.69245
6235,95.12728
6240,94.69245
6242,94.92719
6247,94.53229
6251,112.16057
6254,112.44628
6255,95.12728
6260,103.725586
6261,94.61357
6262,104.349266
6264,112.23659
6269,104.04928
6271,104.13056
6275,112.15879
6276,94.16728
6278,94.801384
6279,112.32073
6281,113.17808
6284,94.26712
6286,94.72649
6287,78.635
6288,94.57497
6292,94.32771
6293,94.2912
6295,94.487595
6298,112.403336
6300,112.15879
6304,104.27152
6308,112.28585
6310,94.72603
6312,112.48248
6320,94.496086
6324,93.99332
6325,112.48248
6330,95.58044
6336,112.00208
6340,104.13056
6341,95.12728
6342,104.56261
6344,94.208595
6345,112.324455
6347,112.32073
6348,94.763214
6349,112.403336
6351,79.05034
6353,112.403336
6354,94.2912
6357,94.61357
6358,104.15404
6360,104.04796
6363,114.03323
6364,93.85334
6368,111.04122
6370,92.89332
6371,93.41849
6377,94.10855
6379,93.337204
6381,93.4388
6382,78.01999
6383,111.12565
6388,111.04809
6390,111.04809
6392,102.5305
6393,93.6063
6395,93.9322
6398,102.611786
6401,78.01999
6402,93.08212
6403,111.82289
6405,93.037544
6406,92.65826
6407,111.329865
6409,103.07644
6411,92.415115
6413,93.49737
6416,103.67237
6417,93.01351
6418,93.21151
6419,115.312485
6420,110.96371
6426,111.431694
6429,93.015144
6430,93.21972
6431,111.82289
6432,93.56813
6434,94.138466
6437,111.36496
6438,93.5754
6439,102.852875
6440,93.416084
6441,93.161
6442,111.2874
6443,94.147545
6445,93.41524
6448,111.329865
6450,111.04631
6453,94.352005
6455,93.29728
6457,93.27731
6458,111.09077
6461,93.530945
6464,111.12937
6467,93.21972
6469,94.54684
6470,77.80026
6471,93.27731
6473,102.73539
6474,93.21972
6479,93.530945
6481,93.35619
6484,111.04809
6495,93.09775
6496,111.96102
6505,111.90072
6506,94.895256
6508,93.9322
6509,93.337204
6510,103.07644
6512,102.81799
6513,93.41849
6514,111.36868
6515,93.24243
6519,93.530945
6521,93.49737
6523,77.82122
6525,103.44881
6526,93.6063
6528,93.53272
6529,111.58739
6531,102.93548
6533,103.12056
6534,93.21972
6535,111.21238
6536,92.81026
6537,111.317184
6540,93.21151
6541,111.12565
6547,93.488815
6548,111.20825
6551,111.317184
6553,111.90072
6555,103.12056
6556,93.9322
6561,77.60465
6564,92.81026
6565,111.21238
6568,93.53272
6569,111.2874
6573,102.852875
6574,93.530945
6577,111.04809
6579,113.27159
6581,92.71186
6582,111.82289
6585,104.27152
6586,93.9322
6589,102.83667
6590,77.938705
6593,93.35619
6594,111.204796
6595,93.13263
6599,92.464516
6600,93.450645
6601,111.74401
6602,92.65826
6603,111.329865
6604,93.614006
6607,102.852875
6608,102.667305
6609,93.530945
6611,93.2546
6613,111.2874
6614,93.27863
6616,93.20419
6617,111.2874
6618,93.41849
6619,102.37231
6621,103.12056
6627,103.04069
6629,110.965485
6631,78.01999
6634,93.9322
6636,93.41849
6638,93.53272
6639,111.2874
6641,111.329865
6642,93.77071
6651,113.169464
6654,78.178185
6657,93.6116
6663,92.37543
6665,111.28608
6666,93.0356
6668,93.41849
6669,103.12056
6670,93.41524
6671,93.44834
6673,93.49737
6675,93.21151
6676,78.01999
6677,93.49737
6679,93.68996
6680,111.248795
6681,103.07644
6685,103.07644
6688,93.337204
6689,93.13263
6690,110.724396
6692,111.2874
6693,93.56813
6694,93.335884
6698,115.312485
6699,93.36521
6700,110.965485
6701,93.27731
6702,111.04809
6704,93.13263
6707,111.90072
6712,111.329865
6713,93.13263
6715,93.096115
6721,111.247475
6722,93.36521
6723,111.04809
6724,93.43394
6725,115.312485
6731,111.04809
6735,95.63802
6736,93.096115
6737,103.374176
6738,93.83271
6739,103.07644
6741,102.5305
6743,93.13263
6745,93.41849
6747,111.28608
6749,93.49737
6750,102.93548
6751,115.00719
6752,93.6063
6753,111.2874
6755,118.55202
6756,93.096115
6757,102.73539
6759,111.396065
6761,93.35619
6763,93.27731
6764,114.99416
6765,93.355705
6766,111.04809
6768,111.20825
6771,93.13263
6773,93.301
6774,93.332634
6778,103.10978
6779,94.14186
6781,92.22343
6784,93.94477
6786,93.13263
6787,111.44756
6790,92.89464
6793,103.44881
6795,111.2874
6798,111.12937
6806,103.80918
6807,93.45012
6810,93.335884
6815,111.26679
6816,92.85844
6817,102.854195
6818,93.41849
6819,103.07644
6820,93.45012
6822,92.88561
6823,115.00719
6824,111.12565
6825,93.10833
6828,77.65927
6829,111.36496
6831,110.96371
6832,93.21199
6833,111.204796
6834,93.27731
6836,92.78896
6837,111.329865
6838,93.13263
6840,102.75779
6843,92.65826
6845,92.65826
6846,93.096115
6847,111.204796
6851,111.04809
6852,93.08212
6853,112.003075
6858,94.278114
6861,111.12937
6863,111.74401
6864,78.01999
6865,93.77071
6866,111.21238
6867,94.38535
6868,103.04168
6869,93.41849
6870,111.12565
6874,111.26679
6875,92.93732
6877,111.20825
6878,92.89332
6880,93.41849
6883,110.88989
6884,92.53182
6886,93.9322
6890,93.849594
6893,110.807
6894,92.89464
6899,111.20825
6900,92.89332
6904,92.97592
6905,111.2874
6906,92.921364
6910,94.449265
6912,103.15904
6913,111.93182
6920,93.096115
6922,93.21151
6923,111.2874
6926,93.41524
6927,110.724396
6928,92.37543
6931,110.50814
6933,93.337204
6936,92.581635
6937,111.329865
6939,117.37523
6941,93.13263
6942,110.90043
6943,93.5237
6944,102.5305
6945,93.53272
6946,111.09077
6947,115.12467
6949,103.07644
6951,103.07644
6953,111.14152
6954,93.15983
6955,111.43901
6963,110.26705
6964,92.80532
6966,93.4388
6968,93.096115
6970,103.07644
6972,111.37201
6976,111.14576
6978,111.21238
6981,102.613106
6985,102.93548
6986,93.49737
6987,111.33008
6989,111.44756
6991,115.00719
6993,112.27024
6994,93.335884
6995,111.09077
6996,93.23133
6997,111.36496
6998,77.77151
7001,110.26705
7003,111.14152
7006,93.53272
7008,100.20827
7010,92.65826
7011,93.094505
7012,117.257744
7013,93.13263
7014,111.04809
7017,102.696
7018,93.41849
7019,92.65826
7023,93.53272
7024,103.07644
7025,93.337204
7026,111.01189
7027,93.16312
7028,112.231636
7030,111.2874
7031,92.89464
7033,111.36868
7036,93.096115
7037,93.49652
7039,93.335884
7044,93.35619
7045,111.329865
7046,97.20687
7049,103.15418
7050,93.80182
7051,103.07644
7054,110.66617
7055,93.64728
7057,93.337204
7060,111.20825
7061,93.9322
7063,92.22343
7064,111.2874
7067,93.41849
7071,93.096115
7074,102.852875
7075,93.49737
7078,111.329865
7079,93.13263
7080,111.508385
7081,93.44834
7082,111.329865
7083,92.71859
7085,112.39179
7092,103.07644
7094,93.488815
7100,93.094025
7101,111.169914
7102,111.21238
7104,111.03882
7105,93.9322
7106,93.41849
7107,102.37231
7108,77.75823
7109,93.094025
7110,111.329865
7112,93.45012
7113,103.07644
7114,94.11423
7116,111.21238
7117,93.9322
7118,103.0109
7120,93.530945
7121,102.73671
7123,102.613106
7124,94.609535
7127,108.55924
7131,102.613106
7132,93.41849
7133,92.65826
7134,110.965485
7135,93.13263
7136,111.20825
7137,93.337204
7141,93.21151
7144,103.07644
7147,111.2874
7148,93.414764
7150,92.5326
7151,93.530945
7152,102.69439
7154,93.49737
7156,93.77071
7157,102.77159
7159,115.12467
7161,94.54684
7163,93.49737
7164,102.93548
7167,77.902504
7169,102.97602
7170,93.530945
7173,93.49737
7174,102.854195
7177,111.04809
7178,102.81799
7179,93.49737
7180,77.45265
7181,111.12565
7182,93.04352
7184,93.41849
7185,111.36496
7186,92.415115
7187,113.47476
7188,93.20419
7189,112.147026
7191,102.73539
7193,110.26705
7197,93.995255
7199,93.094505
7200,111.329865
7201,93.13263
7204,92.89332
7207,111.2874
7209,111.74401
7210,93.41849
7211,103.07644
7213,93.08212
7214,111.36496
7216,111.36496
7217,93.56813
7220,111.09077
7224,111.2874
7225,93.0548
7226,111.36496
7227,93.49737
7234,111.36496
7236,95.75551
7239,102.66639
7240,93.34314
7242,113.283875
7244,111.18088
7245,92.78944
7247,110.7018
7248,92.55772
7249,115.01947
7250,111.02417
7251,93.089424
7252,111.21198
7253,77.91479
7256,93.42574
7260,93.17211
7261,111.530174
7264,93.4262
7269,110.93602
7270,92.867
7273,111.10305
7279,92.35312
7281,111.02045
7284,92.87072
7285,111.21198
7286,115.01947
7287,92.78812
7289,93.313286
7292,93.27468
7293,111.22466
7296,92.91396
7297,111.26108
7298,92.78812
7299,111.36869
7301,102.507904
7304,111.06339
7306,116.78973
7308,93.313286
7309,102.2733
7312,93.27468
7313,77.91479
7314,93.254715
7316,92.49751
7319,118.207504
7321,94.25179
7323,93.42574
7324,102.507904
7325,93.392166
7328,102.63019
7330,77.91479
7334,93.392166
7337,111.25976
7338,94.360725
7339,93.38405
7341,92.59392
7342,111.25976
7344,111.210205
7345,111.14227
7347,110.16185
7349,111.02045
7350,93.392166
7353,110.906685
7355,111.02177
7356,93.333595
7357,111.26108
7358,93.42574
7360,92.99091
7363,102.74767
7364,93.4262
7366,93.1494
7368,93.42752
7369,110.7018
7370,93.02743
7373,92.93832
7374,111.02239
7375,93.5011
7377,93.42574
7379,92.5926
7380,114.88896
7382,111.89788
7383,93.34544
7385,93.5011
7386,102.71279
7391,93.600365
7394,109.76311
7396,111.02417
7397,93.392166
7399,93.42574
7400,103.05384
7403,77.91479
7405,111.06471
7408,111.242874
7414,111.63881
7416,102.74767
7417,93.587685
7419,92.99091
7420,109.7245
7421,93.42574
7422,93.308716
7423,102.74767
7425,77.8335
7430,93.23068
7432,93.310036
7433,94.49925
7434,110.94111
7436,110.56097
7437,93.232
7438,102.74899
7440,102.74767
7441,93.232
7442,111.34236
7445,111.1822
7446,102.74767
7448,111.1822
7450,102.97124
7451,93.313286
7454,110.94157
7455,92.90831
7457,110.86028
7459,102.74767
7462,92.87072
7464,93.313286
7465,111.18088
7466,92.87072
7467,111.02045
7469,111.44398
7472,93.23068
7473,111.1822
7479,93.392166
7480,102.97124
7484,111.79552
7491,93.232
7494,103.04898
7495,93.38361
7501,92.87072
7503,93.23068
7504,102.97124
7505,93.508804
7508,111.02417
7509,92.705055
7510,77.91479
7511,110.93602
7515,93.1934
7516,103.449684
7517,93.4262
7518,103.56717
7519,93.11452
7521,93.57913
7522,102.74767
7524,102.935486
7526,103.05384
7527,93.39132
7528,102.507904
7529,93.310036
7534,110.78097
7537,111.21198
7538,93.846924
7540,93.03388
7541,111.02417
7545,111.02045
7551,111.82662
7553,93.232
7554,102.4253
7555,93.4262
7561,111.02417
7562,93.542076
7564,93.232
7565,103.343605
7566,93.42574
7567,110.78115
7569,102.4253
7570,93.521484
7571,113.06426
7572,92.69868
7574,102.58948
7578,111.178474
7579,93.584755
7586,93.27468
7587,80.78425
7590,93.232
7593,111.1822
7594,93.22542
7595,93.42574
7600,92.99091
7601,78.180504
7602,93.17211
7603,111.76631
7604,92.99091
7606,92.78812
7608,111.70914
7613,77.91479
7615,111.18088
7616,110.56097
7617,116.73054
7618,93.39132
7619,102.97124
7622,94.49925
7623,102.507904
7624,93.42752
7625,102.85375
7626,93.11452
7627,102.65259
7628,77.29363
7631,102.77619
7632,102.97124
7633,93.826996
7634,115.76491
7635,92.98882
7636,111.25976
7637,111.25976
7639,92.99091
7640,77.91479
7644,111.22466
7645,93.17211
7648,102.85375
7649,93.06548
7650,111.02045
7652,111.18088
7653,92.898766
7655,93.12061
7659,110.94157
7662,93.91725
7664,93.02743
7666,94.62182
7668,92.99091
7669,111.036316
7670,93.81113
7672,93.87708
7673,110.7018
7678,93.232
7679,78.07298
7680,103.01536
7683,92.553055
7685,115.01947
7688,93.313286
7690,110.56097
7692,93.11452
7693,93.63063
7695,111.25976
7696,93.5011
7698,92.832115
7699,111.25976
7702,92.359314
7703,111.25976
7704,93.4262
7707,110.93602
7713,77.91479
7715,102.66639
7717,110.07723
7718,92.48624
7719,102.24386
7721,110.05107
7722,93.535706
7725,101.636566
7727,102.00323
7730,77.15401
7733,92.28298
7735,101.680855
7740,110.51531
7741,110.519035
7742,92.04499
7744,110.93884
7747,92.63917
7750,77.08906
7752,110.079636
7754,110.58936
7756,102.27364
7757,92.6813
7758,102.309395
7760,102.27091
7761,92.6813
7763,110.933586
7765,92.64772
7767,110.51531
7768,93.83741
7771,92.965065
7773,92.04367
7774,111.126656
7776,102.08583
7779,92.48756
7783,91.84947
7786,102.591835
7787,92.24647
7789,92.48756
7791,92.683075
7793,92.75665
7794,110.038635
7795,92.15119
7799,77.17034
7800,110.19712
7802,92.760635
7805,110.079636
7807,101.680855
7808,92.95217
7811,102.22679
7817,109.81652
7818,102.22679
7819,92.56884
7822,92.24647
7823,110.43775
7825,111.29738
7828,92.04367
7832,96.162476
7833,77.05286
7834,110.597916
7835,92.56884
7837,92.6813
7840,91.80315
7842,92.506546
7843,109.62989
7844,92.48756
7846,92.6813
7850,92.163864
7853,110.48022
7855,111.08218
7858,92.48756
7863,110.19712
7865,110.48022
7866,91.52578
7868,91.80861
7869,110.19844
7871,77.05286
7872,102.00323
7874,101.680855
7877,109.83772
7878,96.162476
7879,110.32027
7881,92.52212
7883,92.67405
7885,101.88574
7886,92.48756
7889,93.87737
7890,102.82272
7891,92.787544
7893,92.681755
7894,101.76994
7896,110.276
7898,101.76346
7901,92.48097
7902,109.417404
7904,110.279724
7905,92.48624
7906,115.421425
7909,92.56884
7910,101.76346
7913,92.268555
7918,110.48022
7919,92.28298
7923,92.07172
7925,92.6813
7927,91.93221
7930,92.37007
7932,92.92107
7933,92.15432
7935,92.56427
7939,102.030426
7942,92.126274
7943,109.890976
7945,102.00323
7946,92.683075
7948,92.75665
7949,110.43775
7950,92.04499
7951,110.51531
7955,102.00323
7959,92.681755
7960,110.51531
7961,92.530235
7962,102.00323
7964,102.00323
7965,92.598694
7966,110.48022
7967,102.161255
7968,93.00367
7971,102.16471
7974,92.28298
7976,109.06266
7978,110.11584
7982,110.51531
7983,92.56884
7984,102.22679
7986,92.2481
7989,110.43775
7991,109.417404
7992,110.19712
7993,91.398544
7994,110.36273
7995,96.162476
7997,92.64772
7998,102.22679
7999,109.81652
8002,92.58915
8007,92.43318
8009,92.56512
8011,92.43318
8013,93.023605
8015,102.309395
8017,110.46754
8019,114.275024
8023,92.48756
8024,110.51531
8026,110.46754
8027,92.04367
8029,92.64772
8030,110.597916
8031,92.43318
8033,92.56512
8035,92.64772
8036,102.99436
8039,102.08583
8042,91.80861
8044,92.15432
8046,77.18362
8048,110.78573
8049,92.48624
8050,102.19191
8053,92.28747
8054,95.923164
8059,92.24647
8061,92.76143
8062,110.158516
8064,110.358604
8066,102.08343
8067,92.48624
8068,92.76436
8070,92.64772
8071,110.48022
8072,92.28298
8076,92.22749
8080,91.930756
8081,110.51531
8084,100.56889
8087,110.620255
8089,91.883965
8090,114.144516
8091,102.22679
8094,110.54642
8100,91.84947
8101,92.6813
8110,92.681755
8111,109.417404
8112,92.681755
8115,110.05078
8116,92.64772
8118,110.358604
8121,114.46284
8125,110.080956
8127,110.080956
8128,92.28298
8129,109.417404
8131,92.74583
8138,92.76436
8139,101.76346
8140,92.24647
8141,92.04367
8142,110.35515
8143,110.43643
8145,110.46754
8146,91.990395
8148,110.89436
8153,110.279724
8154,91.84947
8155,111.480736
8161,92.56427
8162,110.40155
8163,91.96061
8166,112.16057
8168,112.324455
8170,94.32771
8172,111.462135
8173,94.32771
8176,104.27152
8179,94.449684
8181,94.72603
8182,116.04706
8184,112.16057
8190,104.31564
8191,94.9143
8194,112.78247
8196,111.822525
8198,112.324455
8199,112.40746
8201,110.72676
8202,92.693504
8207,93.04573
8208,109.86444
8211,110.72676
8214,112.80736
8217,92.85199
8218,110.64416
8222,93.01588
8229,102.971565
8231,92.88022
8233,93.94207
8236,92.93459
8238,110.96235
8240,102.12789
8243,103.0649
8246,115.06984
8250,92.49203
8254,93.98274
8256,77.69592
8257,110.802185
8258,92.561035
8260,93.01588
8261,110.99197
8263,112.43554
8264,92.85068
8267,110.40439
8268,92.49071
8271,92.73002
8272,109.86444
8275,93.62472
8276,93.128334
8277,102.95999
8278,116.197205
8279,93.18215
8280,110.40439
8281,92.93459
8282,110.802185
8287,110.80564
8288,92.73002
8289,110.96235
8294,92.717995
8296,92.49071
8299,110.844864
8302,102.67383
8308,110.91457
8314,102.450264
8315,93.04573
8316,110.305466
8317,92.88022
8319,110.64416
8320,92.255646
8321,116.38502
8323,92.93327
8325,93.09391
8326,110.91457
8328,109.86444
8330,110.64416
8331,92.51791
8332,113.785385
8334,93.09391
8338,92.407646
8339,94.33653
8341,92.49071
8345,110.80977
8346,93.128334
8347,102.450264
8349,93.01263
8351,93.01131
8352,113.27698
8353,109.86444
8355,110.40468
8358,110.26356
8359,110.64416
8360,92.88022
8361,110.92725
8363,102.450264
8364,93.09476
8365,93.4121
8366,102.67383
8370,110.802185
8372,93.12879
8376,93.128334
8377,110.88347
8379,110.76598
8380,92.40127
8381,110.64416
8386,91.820816
8388,102.12789
8389,93.20369
8391,110.96607
8394,93.98274
8396,102.53287
8398,102.450264
8400,110.80564
8401,92.15719
8404,92.49071
8407,93.01131
8408,110.72304
8409,109.86444
8410,102.53287
8411,92.693504
8413,92.61253
8414,110.52799
8416,92.693504
